{
  "train_loss": [
    0.7425826945187856,
    0.7072990741466452,
    0.6661374146587278,
    0.5923504986645985,
    0.4886454895961504
  ],
  "train_acc": [
    0.5098114659484417,
    0.5486725663716814,
    0.5925355906117737,
    0.6829549826856484,
    0.7591381300500193
  ],
  "val_loss": [
    0.7044122355324881,
    0.6596549732344491,
    0.6012551392827715,
    0.4998039356299809,
    0.426105592080525
  ],
  "val_acc": [
    0.5080789946140036,
    0.5834829443447038,
    0.7073608617594255,
    0.7881508078994613,
    0.800718132854578
  ],
  "val_precision": [
    0.6156685923292745,
    0.6767866857857883,
    0.7146504674153392,
    0.7885091696568006,
    0.8024110542162362
  ],
  "val_recall": [
    0.5080789946140036,
    0.5834829443447038,
    0.7073608617594255,
    0.7881508078994613,
    0.800718132854578
  ],
  "val_f1": [
    0.3607744270654584,
    0.520812754112735,
    0.704936061670673,
    0.7880756666315623,
    0.8004209132764424
  ]
}